id,nom,prenom,matricule,sexe,filiere,niveau,telephone,email
1,Antonio,King,58303,F,TTIC,3,(434) 840-8647,geju@ru.gt
2,Dylan,Dennis,67299,M,TTIC,3,(738) 814-4958,ehiba@ja.ax
3,Isaiah,Jenkins,71575,F,TTIC,3,(562) 783-8872,topimlob@ro.gr
4,Connor,Ferguson,86719,F,TTIC,4,(927) 311-5934,fito@zasuri.cl
5,Richard,Warren,12633,F,TTIC,3,(908) 336-2827,kejipte@jaw.gs
6,Leah,Cain,67098,M,TTIC,3,(255) 511-8490,tenpeh@obevu.re
7,Claudia,Hardy,3932,M,TTIC,4,(324) 431-7031,teamo@vonoge.cu
8,Mamie,Logan,55643,M,TTIC,3,(976) 431-4877,vezmag@rukohi.ni
9,Max,Hardy,1021,M,TTIC,3,(584) 539-3012,itosa@penkok.ga
10,Walter,Hodges,80340,M,TTIC,4,(357) 740-7043,zukiru@huhme.kz
11,Ella,Ward,87725,M,TTIC,3,(675) 860-9553,sugedoza@tonvuzab.mq
12,Viola,Clarke,85826,M,TTIC,3,(971) 454-3522,saf@uta.cy
13,Lida,McKinney,41123,F,TTIC,4,(748) 971-8675,hu@waspu.mq
14,Timothy,Garrett,88428,F,TTIC,4,(554) 572-5252,sefpila@kus.my
15,Mario,Jacobs,4436,F,TTIC,4,(257) 884-7074,soama@kejfuava.sy
16,Harriett,Vasquez,62567,F,TTIC,3,(304) 404-6744,hehziho@zamec.bd
17,Mae,Carlson,79613,F,TTIC,3,(539) 641-9933,won@wame.pk
18,Herman,Brooks,67384,M,TTIC,3,(558) 219-9782,pareil@je.hk
19,Kenneth,Griffin,46712,F,TTIC,3,(414) 267-1554,lawgako@mejega.mk
20,Francis,Christensen,28650,M,TTIC,4,(581) 466-6036,pogekzok@ohwilru.bt
21,Blake,Sanchez,84670,F,TTIC,3,(941) 841-9913,ep@verale.tc
22,Corey,Barton,10516,F,TTIC,4,(609) 579-8542,liw@mutjufewo.bs
23,Sophie,Perez,19767,M,TTIC,3,(275) 273-3168,cedvu@jasa.nc
24,Marian,Gill,41498,F,TTIC,3,(205) 830-4497,akobu@sojufubi.de
25,Emily,Alvarez,59534,M,TTIC,3,(735) 609-8919,lewipda@aholorci.dk
26,Nina,Poole,84115,M,TTIC,4,(731) 578-9132,se@kew.pw
27,Nell,Roy,54878,M,TTIC,4,(449) 483-2136,tialefan@jak.gg
28,Susan,Rodriquez,50780,M,TTIC,3,(778) 248-8902,wewob@kej.eh
29,Ellen,Dennis,95084,F,TTIC,3,(751) 206-7938,mepenoco@huf.np
30,Clayton,Fuller,4101,F,TTIC,3,(683) 507-1908,tiakwe@zegvazeb.cl
31,Zachary,Wright,17647,F,TTIC,3,(260) 779-6485,zalbane@upufi.vi
32,Victor,Burns,30430,F,TTIC,4,(379) 643-9282,da@ubwus.st
33,Raymond,Pena,92099,F,TTIC,4,(916) 398-6014,movfin@si.ba
34,Eva,Graham,38014,F,TTIC,3,(875) 997-4821,ukdipem@uduhifo.rs
35,Rebecca,Snyder,98458,F,TTIC,4,(827) 543-8337,tum@mudhapat.lt
36,Henrietta,Sandoval,44099,F,TTIC,3,(825) 978-4591,gavu@pi.ar
37,Emily,Garcia,90212,M,TTIC,4,(864) 285-6220,agtaaf@wib.na
38,Lily,McKenzie,50326,M,TTIC,4,(749) 867-7268,zezudga@gowal.kp
39,Vernon,Soto,88101,M,TTIC,3,(453) 329-2534,ad@fagumuz.af
40,Craig,Rice,77421,M,TTIC,4,(927) 532-4439,cume@daw.bn
41,Edith,Bishop,37303,M,TTIC,3,(554) 746-2707,ebugoldih@pit.to
42,Leroy,Dawson,10828,F,TTIC,3,(276) 859-7112,jidop@zomicceg.ga
43,Amy,Parker,53767,M,TTIC,3,(732) 501-2417,muic@von.kg
44,Harry,Hawkins,37577,F,TTIC,3,(687) 954-7606,gofi@gavok.sn
45,Alma,Allison,33783,M,TTIC,4,(453) 329-4777,luvzerco@kuasuusi.la
46,Nellie,Holmes,45127,F,TTIC,3,(749) 992-7753,wol@piwjeno.nc
47,Leroy,Herrera,60410,M,TTIC,4,(719) 455-2381,cojid@venosa.sz
48,Thomas,Elliott,80738,M,TTIC,4,(216) 419-3666,ogpu@ku.id
49,Theodore,Griffith,42806,F,TTIC,3,(527) 447-1377,wedel@jepedni.ps
50,Larry,Casey,84893,F,TTIC,4,(650) 220-2529,vof@are.ma
51,Brandon,Bates,26689,M,TTIC,3,(309) 745-6053,zehfa@nimukos.nr
52,Chase,Robertson,4048,F,TTIC,3,(770) 762-1283,fu@pemubzew.gq
53,Joseph,Munoz,65198,F,TTIC,4,(724) 390-4076,locuz@afa.pm
54,Lillian,Walker,71085,F,TTIC,4,(640) 607-5822,lidkopnoc@ic.de
55,Nancy,George,25234,F,TTIC,3,(560) 951-7443,kewi@tog.to
56,Eliza,Kelly,28884,M,TTIC,3,(750) 625-1948,hifbakwe@arnub.jo
57,Harold,Hopkins,58939,M,TTIC,3,(568) 408-1331,ocraeze@jug.de
58,Clifford,Johnson,45163,F,TTIC,3,(879) 339-2515,vobuvi@ze.br
59,Carl,Hayes,76288,F,TTIC,3,(537) 364-5294,de@so.cc
60,Herbert,Kelly,25870,F,TTIC,3,(226) 441-9197,ujwoih@uzguf.sg
61,Barbara,Baldwin,39979,F,TTIC,3,(334) 775-3939,jilmi@aw.ve
62,Leah,Holloway,12866,F,TTIC,3,(616) 260-7127,hainomef@kil.io
63,Viola,Thompson,60422,F,TTIC,3,(473) 229-9635,ba@negamup.cx
64,Nellie,Frazier,73849,F,TTIC,4,(828) 563-6765,emi@ijucongeg.sj
65,Ruth,Tate,80623,M,TTIC,4,(435) 302-4536,wojveg@nuboha.al
66,Sara,Caldwell,92649,M,TTIC,3,(321) 841-8673,ci@lu.km
67,Bradley,Payne,92520,F,TTIC,3,(957) 816-2466,izficuh@vozew.et
68,Gussie,Norris,97470,M,TTIC,3,(716) 413-8108,ebpesed@upialewi.io
69,Mary,Washington,74938,F,TTIC,4,(589) 261-6161,deil@accu.tj
70,Barry,Stanley,74065,F,TTIC,3,(300) 249-4535,zo@em.sc
71,Jordan,Becker,32695,F,TTIC,4,(239) 609-4378,dev@lihvul.ua
72,Ina,Hampton,24552,M,TTIC,3,(933) 951-8620,kef@jiv.nr
73,Joel,Tucker,62030,M,TTIC,4,(220) 252-1990,osicadi@ecawe.cm
74,Joel,Thomas,40023,F,TTIC,3,(559) 377-7206,rovum@pevro.ga
75,Raymond,Carpenter,85570,M,TTIC,4,(920) 898-2177,ti@es.si
76,Rhoda,Ward,73370,M,TTIC,3,(528) 588-9725,olaisu@virtij.mk
77,Fannie,Beck,21035,M,TTIC,4,(965) 390-2067,dituf@jadkas.gf
78,Noah,Stone,60631,F,TTIC,3,(902) 377-8827,itja@punozaedu.io
79,Maria,Collier,22110,M,TTIC,4,(718) 507-9323,ja@somiowi.it
80,Chase,Snyder,42843,F,TTIC,4,(864) 898-9029,zuv@pe.gr
81,Donald,Mendoza,58648,F,TTIC,4,(720) 990-2272,hej@vop.is
82,Raymond,Wise,13582,M,TTIC,3,(401) 708-4650,itcup@tiviwbop.lr
83,Ina,Dixon,42461,M,TTIC,4,(255) 864-9644,jeucoruf@duwce.lk
84,Marion,Lambert,62399,F,TTIC,4,(804) 798-8857,su@jagib.sg
85,Lela,Buchanan,97817,M,TTIC,3,(269) 727-8853,hi@ezo.tc
86,Fred,McKinney,24622,M,TTIC,3,(900) 779-1589,lej@rosicgo.ru
87,Gabriel,Figueroa,88900,F,TTIC,3,(741) 585-5883,duwke@jedsikpug.tj
88,Estella,Carroll,76938,M,TTIC,3,(572) 419-8262,veoto@teul.bg
89,Virgie,Hunt,50578,F,TTIC,4,(852) 508-6050,pozo@nivjopwa.si
90,Cordelia,Day,58840,M,TTIC,3,(863) 799-5841,miz@op.jp
91,Wesley,Cross,92799,M,TTIC,3,(388) 917-3874,pug@mubnevni.kw
92,Gertrude,Briggs,86890,F,TTIC,3,(571) 765-9173,disep@guh.net
93,Esther,Taylor,60307,M,TTIC,3,(828) 366-4375,ucavatij@wuvig.my
94,Eunice,Andrews,9968,M,TTIC,4,(750) 254-7714,hule@koziw.gl
95,Don,Romero,35596,F,TTIC,4,(531) 360-2977,ub@jisro.mp
96,Sam,Butler,31413,F,TTIC,3,(887) 388-9153,nis@camlade.sc
97,Winifred,Spencer,10609,M,TTIC,3,(906) 555-7069,laicki@ci.ke
98,Andrew,Copeland,40890,F,TTIC,4,(941) 947-4338,rajavkar@sod.cl
99,Isabella,Obrien,45533,F,TTIC,3,(418) 239-8725,tuc@to.mp
100,Marie,Porter,72462,M,TTIC,4,(938) 341-1557,zig@ekcawo.eu
